TPD046法登000048,71skqlDxRlLaE24dAhrk77DNFVBgTdyGZHzmhhJRBu2ribOd9HUecQ==
TPD046法登000051,H4TPMonb7P7jgysEd7CyiEy-0P5ESc4BkIUJtMMETSsg9UgcksU2Lg==
TPD046法登000053,_5tCEnGdoHKcZ3LaHtX8-yD8_g5mTXlnQ2Hp58KuBs0znStKLy-bWA==
TPD046登000003,wrzoO2UoTxMQkU11fXeVqlTEBbQJ_rk29minqOXdLV2OTbuFVQ==
TPD046登000004,7SMdx0LP2gg3u_eyBMjOP8O_LaOLWi04122SetR3soEn2FhXdA==
TPD046登000005,pg99v0tj1i0Mus4GANZMcuT6d1fLROeEgHU2kmr4qRq9CVR9tA==
TPD046登000007,Z0rRd4gavg59yvdvUTf6Vxahr2BTYr-T--TZ0v8QoFUkUwR1bA==
TPD046登000008,2LXG_XJNKPjce39XR6eDtx16utNb0VIBPZC0xtbgjHbCEWyyCA==
TPD046登000011,rm5Z-Jj6Zhvlc3Lqf0LBgmAtedb6J5B0jNLMBBcMflK0JAfSNA==
PCD046法登000096,Xbux9pA0SS9e4X6sgsz8rS1yFry1VQJY4Yx5SseKdo-qG_FP_f6Yj-E=
SCD046法登000024,LkhZzgoRavswk5lxb1xju9Wzecu7AIEj_LThFB4Pxx1aAKswaVZgIA==
TCD046法登000022,tSj3_Jk3YsD4fQoLV1jgvpRUV-rDvHI8VPv-S9OwjB2xfJT-FhfrxQ==
TCD046法登000033,hzfcwc3s1DbMPLze_kqzV0_rjbdnV0x4jAtLY-zB_yIRG7rBSrkTfXU=
TCD046法登000096,SQTOgTDdOjOp4jyPT_yLSUR13zZSeIR3sbtJLZ6-56jjsIHOXwJ-FA==
TCD046法登000097,cIyQJ2EVCNZeSROu36gthhVLjJFiphR_BzomDfPpLOQbtocpVZBqXA==
TCD046法登000100,Pg7OvufR4O1SrKr5fBeDMm0QeNwAuoMzvFI8nQB37qg7GGAwpjf_ia8=
TND046法登000003,9KWh-zs9JhBh7n-E_1aPwHwf3ruNDxwQ_fWzsOWcu7LsQwu0Lrb-
TND046法登000004,67GeVyDNNkC9a2BZKWuWBKmHRat-LsZDyTLmyUAvd5lOY9gJV4KH
TND046法登000008,lC8-LFSCuzEG_SZRC5JzxWynMnuqXpj3cSBEPmlTrIcLiqTv-Rwp
TND046法登000009,JSc-lujxOfhN5wqiE2TJZYPW9ju_INneyJFYsLEfV1Jls1xx2r-B
TND046法登000010,B1__Z88uZNI-uINX-7gs2KukafeulUp3x_L695dI0qtxLCJjTFRDgw==
TND046法登000011,tSKolDKSqKrzwJ8GQ6uNf4wdTZglgO1HPtj6lGj1TywRtOtDShg-KQ==
TND046法登000012,2gEmPl1jZcDflXOzfBkzCmT1ADImxdm7_cNpbbSnQor82RJJ3Xm6LQ==
TND046法登000013,qDyHIsnGXohbXr56qTGzZcbW9jcmgao-wVcCyuhXal6vf3Vv5tlqXg==
TND046法登000014,uSlnNheJaabd5oQ6er1B8-4YG2lH_08dJEDDt-_DG-3bFNbgJpknXA==
TND046法登000015,Tf1fjPTzWMXCjgXt2ksvlrkWt9hbC8TorhBBB8tmL5agyufUdUSkzQ==
TND046法登000016,iQ_rJO6q1kz4R6dGvQTuTEqV-G_zh2LWflUTJ9JzIefafZs5gSpg6w==
KSD046法登000009,0n71OJMbEfPP8WOiLn25OL64lKfmGRtKd4akM5zVaD-vihj2i33H
KSD046法登000010,BD6uqSrR5M3nqsPJ3WRZX6DOSlnPOIJeLH7_bW-jBu3CQ9yVBV4U5Q==
